{
  "database": {
    "rules": "firebase/database.rules.json"
  },
  "firestore": {
    "rules": "firebase/firestore.rules",
    "indexes": "firebase/firestore.indexes.json"
  },
  "hosting": {
    "site": "ballast",
    "public": "build",
    "ignore": ["firebase.json", "**/.*", "**/node_modules/**"],
    "rewrites": [
      {
        "source": "**",
        "destination": "/index.html"
      }
    ],
    "headers": [
      {
        "source": "/service-worker.js",
        "headers": [
          {
            "key": "Cache-Control",
            "value": "no-cache"
          }
        ]
      }
    ]
  },
  "storage": {
    "rules": "firebase/storage.rules"
  },
  "emulators": {
    "functions": {
      "port": 5001
    },
    "firestore": {
      "port": 8080
    },
    "database": {
      "port": 9000
    },
    "hosting": {
      "port": 5000
    },
    "pubsub": {
      "port": 8085
    },
    "ui": {
      "enabled": true
    }
  }
}
